Name,Hex
Egret,#f3ece0
Snow White,#f2f0eb
Bright White,#f4f5f0
Cloud Dancer,#f0eee9
Gardenia,#f1e8df
Marshmallow,#f0eee4
Blanc De Blanc,#e7e9e7
Pristine,#f2e8da
Whisper White,#ede6db
White Asparagus,#e1dbc8
Birch,#ddd5c7
Turtledove,#ded7c8
Bone White,#d7d0c0
Silver Birch,#d2cfc4
Vanilla Ice,#f0eada
Papyrus,#f5edd6
Antique White,#ede3d2
Winter White,#f5ecd2
Cloud Cream,#e6ddc5
Angora,#dfd1bb
Seedpearl,#e6dac4
Vanilla Custard,#f3e0be
Almond Oil,#f4efc1
Alabaster Gleam,#f0debd
Vanilla,#f4e1c1
Rutabaga,#ecddbe
Banana Crepe,#e7d3ad
Italian Straw,#e7d1a1
Whitecap Gray,#e0d5c6
Fog,#d0c5b1
White Swan,#e4d7c5
Sandshell,#d8ccbb
Tapioca,#dccdbc
Creme Brulee,#dbccb5
Parchment,#dfd1be
Sheer Pink,#f6e5db
Dew,#eeded1
Powder Puff,#f3e0d6
Pearled Ivory,#f0dfcc
White Smoke,#eddcc9
Ecru,#f3dfca
Navajo,#efdcc3
Almost Mauve,#e7dcd9
Delicacy,#f5e3e2
Petal Pink,#f2e2e0
Bridal Blush,#eee2dd
Cream Pink,#f6e4d9
Angel Wing,#f3dfd7
Pastel Parchment,#e5d9d3
Star White,#efefe8
Lily White,#e2e2da
Vaporous Gray,#dfddd7
Summer Shower,#e5ebe3
Ice,#e0e4d9
Frost,#dde2d6
Icicle,#dadcd0
Bit Of Blue,#e2eaeb
Mystic Blue,#e1e3de
Bluewash,#e2e6e0
Spa Blue,#d3dedf
Lightest Sky,#e4eadf
Hint Of Mint,#d8e8e6
Murmur,#d2d8d2
Barely Blue,#dde0df
Blue Blush,#d6dbd9
Zephyr Blue,#d3d9d1
Blue Flower,#d0d9d4
Sprout Green,#cbd7d2
Billowing Sail,#d8e7e7
Hushed Green,#d8e9e5
Lambs Wool,#e5d0b1
Winter Wheat,#dfc09f
Summer Melon,#ead3ae
Chamomile,#e8d0a7
Cornhusk,#f2d6ae
Apricot Gelato,#f5d7af
Biscotti,#dac7ab
Asparagus Green,#d2cdb4
Oyster White,#d2caaf
Putty,#d4cab0
Moth,#d2cbaf
Wood Ash,#d7cab0
Gravel,#cbbfa2
Pale Khaki,#bfaf92
Light Gray,#dad8c9
Silver Green,#d7d7c7
Pelican,#c1bcac
Overcast,#c3bdab
Tidal Foam,#bfb9a3
Agate Gray,#b1b09f
Alfalfa,#b7b59f
Castle Wall,#c8c1ab
Oyster Gray,#cbc1ae
Cement,#c4b6a6
Spray Green,#aea692
Eucalyptus,#b1a992
Twill,#a79b82
Olive Gray,#a6997a
Chinchilla,#9c8e7b
Seneca Rock,#9a927f
Laurel Oak,#918c7e
Coriander,#938772
Dune,#998978
Lead Gray,#8a7963
Covert Green,#80765f
Oxford Tan,#b8a99a
Plaza Taupe,#aea393
Tuffet,#a59788
Silver Mink,#9f8d7c
Timber Wolf,#8d8070
Taupe Gray,#8e7c71
Pine Bark,#827064
Pumice Stone,#cac2b9
Simply Taupe,#ad9f93
Aluminum,#9f9586
Cobblestone,#a89a8e
Brindle,#82776b
Walnut,#776a5f
Bungee Cord,#696156
Oatmeal,#cbc3b4
Moonbeam,#cdc6bd
Rainy Day,#cfc8bd
Gray Morn,#cabeb5
Peyote,#c5bbae
Feather Gray,#b8ad9e
Goat,#a89a91
White Sand,#dbd5d1
Silver Gray,#c1b7b0
Chateau Gray,#bbb1a8
String,#aa9f96
Atmosphere,#a89c94
Moon Rock,#958b84
Fungi,#8f8177
Silver Lining,#bdb6ab
Moonstruck,#c2beb6
Pussywillow Gray,#aeaca1
London Fog,#a29e92
Rock Ridge,#918c86
Moon Mist,#80817d
Castor Gray,#646762
Glacier Gray,#c5c6c7
Lunar Rock,#c5c5c5
Dawn Blue,#cacccb
Gray Violet,#bbbcbc
Vapor Blue,#bebdbd
High-Rise,#aeb2b5
Limestone,#989a98
Silver Cloud,#beb7b0
Dove,#b3ada7
Flint Gray,#a09c98
Drizzle,#a09f9c
Elephant Skin,#8f8982
Cinder,#8a7e78
Steeple Gray,#827e7c
Metal,#babfbc
Blue Fox,#b9bcb6
Storm Gray,#b5bab6
Pigeon,#a9afaa
Mirage Gray,#abafae
Puritan Gray,#a8b0ae
Wrought Iron,#999e98
Opal Gray,#a49e9e
Wild Dove,#8b8c89
Neutral Gray,#8e918f
Gargoyle,#686767
Smoked Pearl,#656466
Sedona Sage,#686d6c
Gunmetal,#5c5d5b
Wind Chime,#cac5c2
Paloma,#9f9c99
Charcoal Gray,#6c6868
Steel Gray,#726f70
Pewter,#666564
Castlerock,#5f5e62
Nine Iron,#46434a
Ash,#a09998
Cloudburst,#837f7f
Frost Gray,#848283
Excalibur,#676168
Dark Gull Gray,#625d5d
Rabbit,#5f575c
Shale,#4a3f41
Fossil,#806f63
Major Brown,#5b5149
Chocolate Chip,#685a4e
Canteen,#5e5347
Stone Gray,#685e4f
Capers,#695e4b
Beech,#5b4f3b
Tarmac,#5a5348
Wren,#4a4139
Black Olive,#48413b
Beluga,#4a4843
Black Ink,#44413c
Peat,#3b3a36
Jet Set,#262c2a
Iron,#736460
Plum Kitten,#625b5c
Turkish Coffee,#483f39
Black Coffee,#3b302f
After Dark,#3c3535
Licorice,#3a3536
Raven,#413e3d
Jet Black,#2d2c2f
Phantom,#39373b
Stretch Limo,#2b2c30
Moonless Night,#2f2d30
Caviar,#292a2d
Pirate Black,#363838
Anthracite,#28282d
Vanilla Cream,#f4d8c6
Dawn,#ebd2b7
Gray Sand,#e5ccaf
Autumn Blonde,#eed0ae
Apricot Illusion,#e2c4a6
Mellow Buff,#d8b998
Sheepskin,#dab58f
Almond Buff,#ccb390
Beige,#d5ba98
Sand,#cca67f
Latte,#c5a582
Tan,#b69574
Doe,#b98e68
Indian Tan,#ad8567
Safari,#baaa91
Candied Ginger,#bfa387
Warm Sand,#c5ae91
Cuban Sand,#c1a68d
Nougat,#b69885
Natural,#aa907d
Nomad,#b49f89
Frozen Dew,#d8cfb2
Bleached Sand,#daccb4
Pebble,#cab698
Croissant,#c4ab86
Incense,#af9a7e
Cornstalk,#a9947a
Tannin,#a68a6d
Green Haze,#cac4a4
Mojave Desert,#c7b595
Taos Taupe,#bfa77f
Lark,#b89b72
Kelp,#988467
Antique Bronze,#907954
Dull Gold,#8a6f48
Brown Sugar,#a17249
Chipmunk,#976f4c
Tobacco Brown,#9a7352
Bison,#6e4f3a
Monks Robe,#704822
Dachshund,#704f37
Toffee,#755139
Aztec,#7a5747
Cocoa Brown,#6c5043
Partridge,#725440
Friar Brown,#6e493a
Mustang,#684b40
Pinecone,#61473b
Potting Soil,#54392d
Ermine,#836b4f
Otter,#7f674f
Kangaroo,#725e43
Sepia,#6b543e
Coffee Liqueur,#6a513b
Desert Palm,#5a4632
Teak,#655341
Shitake,#736253
Cub,#6e5c4b
Carafe,#5d473a
Dark Earth,#5c4939
Slate Black,#4b3d33
Chocolate Brown,#4e403b
Demitasse,#40342b
Deep Taupe,#7b6660
Shopping Bag,#5a4743
Chestnut,#584039
Bracken,#4f3f3b
Seal Brown,#493b39
Java,#433331
Coffee Bean,#40312f
Mother Of Pearl,#e9d4c3
Pastel Rose Tan,#e9d1bf
Novelle Peach,#e7cfbd
Sun Kiss,#ebd1bb
Ivory Cream,#dac0a7
Shifting Sand,#d8c0ad
Appleblossom,#ddbca0
Eggnog,#ece1d3
Cream Tan,#e4c7b8
Sand Dollar,#decdbe
Smoke Gray,#cebaa8
Doeskin,#bdab9b
Sesame,#baa38b
Light Taupe,#b19d8d
Warm Taupe,#af9483
Stucco,#a58d7f
Almondine,#a78c8b
Chanterelle,#a28776
Ginger Snap,#977d70
Woodsmoke,#947764
Amphora,#9f8672
Moonlight,#c5b1a0
Frappe,#d1b7a0
Rugby Tan,#c2a594
Roebuck,#b09080
Praline,#ad8b75
Burro,#947764
Beaver Fur,#997867
Toasted Almond,#d2b49c
Tawny Birch,#ae856c
Macaroon,#b38b71
Tawny Brown,#ab856f
Camel,#b0846a
Toast,#ca9978
Toasted Nut,#c08768
Nude,#f2d3bc
Tender Peach,#f8d5b8
Alesan,#f1ceb3
Pale Peach,#fed1bd
Peach Puree,#efcfba
Bellini,#f4c9b1
Amberlight,#e2bea2
Peach Dust,#f0d8cc
Linen,#edd2c0
Scallop Shell,#fbd8c9
Soft Pink,#f2d8cd
Pale Dogwood,#edcdc2
Silver Peony,#e7cfc7
Rose Dust,#cdb2a5
Shell,#e1cfc6
Whisper Pink,#dacbbe
Pink Tint,#dbcbbd
Evening Sand,#ddb6ab
Sirocco,#c39d88
Brush,#b99984
Cafe Au Lait,#ae8774
Cameo Rose,#d7b8ab
Pale Blush,#e4bfb3
Rose Cloud,#dbb0a2
Spanish Villa,#dfbaa9
Maple Sugar,#c9a38d
Tuscany,#be9785
Cork,#ba8671
Bisque,#edcab5
Almost Apricot,#e5b39b
Pink Sand,#dfb19b
Peach Nougat,#e6af91
Peach Bloom,#d99b7c
Dusty Coral,#d29b83
Cafe Creme,#c79685
Sandstorm,#bd8b69
Butterum,#c68f65
Biscuit,#b4835b
Cashew,#a47149
Almond,#a7754d
Lion,#a0714f
Thrush,#936b4f
Mocha Mousse,#a47864
Pecan Brown,#a36e51
Hazel,#ae7250
Bran,#a66e4a
Adobe,#a3623b
Leather Brown,#97572b
Glazed Ginger,#91552b
Sandstone,#c48a69
Caramel,#c37c54
Amber Brown,#a66646
Sierra,#985c41
Ginger Bread,#8c4a2f
Mocha Bisque,#8c543a
Tortoise Shell,#754734
Pheasant,#c68463
Sunburn,#b37256
Raw Sienna,#b9714f
Autumn Leaf,#b56a4c
Mecca Orange,#bd5745
Rust,#b55a30
Bombay Brown,#9f5130
Frosted Almond,#d2c2ac
Gilded Beige,#b39f8d
Pale Gold,#bd9865
Rich Gold,#c8b273
Copper,#c47e5a
Copper Coin,#ba6b57
Silver,#a2a2a1
Raw Umber,#92705f
Brownie,#8f7265
Acorn,#7e5e52
Clove,#876155
Carob Brown,#855c4c
Russet,#8f5f50
Rawhide,#865e49
Chutney,#98594b
Baked Clay,#9c5642
Copper Brown,#9a6051
Brown Patina,#834f3d
Rustic Brown,#855141
Coconut Shell,#874e3c
Sequoia,#804839
Root Beer,#714a41
Brunette,#664238
Sable,#6e403c
Cinnamon,#6b4139
Fudgesickle,#63403a
Mink,#734b42
Cappuccino,#633f33
Cognac,#8b645a
Nutmeg,#7e5c54
French Roast,#58423f
Deep Mahogany,#553b39
Rum Raisin,#583432
Brown Stone,#593c39
Bitter Chocolate,#503130
Mahogany,#824d46
Henna,#7c423c
Arabian Spice,#884332
Hot Chocolate,#683b39
Russet Brown,#743332
Madder Brown,#6a3331
Andorra,#603535
Afterglow,#f3e6c9
Transparent Yellow,#f4ecc2
Double Cream,#f3e0ac
Sunlight,#edd59e
Straw,#e0c992
Jojoba,#dabe81
Rattan,#d1b272
Boulder,#d1be9b
Sea Mist,#d8c9a3
Reed Yellow,#dcc99e
Chino Green,#d9caa5
Parsnip,#d6c69a
Dusty Yellow,#d4cc9a
Silver Fern,#bbaa7e
Lemon Grass,#dcd494
Raffia,#dac483
Golden Mist,#d5cd94
Pampas,#cfbb7b
Bamboo,#d2b04c
Cress Green,#bca949
Olive Oil,#a98b2d
Dried Moss,#ccb97e
Celery,#cec153
Acacia,#dacd65
Sulphur,#ddb614
Oil Yellow,#c4a647
Green Sulphur,#ae8e2c
Golden Palm,#aa8805
Cocoon,#c9b27c
Hemp,#c0ad7c
Southern Moss,#bca66a
Olivenite,#c1a65c
Golden Green,#bdb369
Antique Gold,#b59e5f
Burnished Gold,#aa9855
French Vanilla,#efe1a7
Pastel Yellow,#f2e6b1
Tender Yellow,#ededb7
Wax Yellow,#ede9ad
Lemonade,#f0e79d
Elfin Yellow,#eeea97
Limelight,#f0e87d
Dusky Citron,#e3cc81
Muted Lime,#d1c87c
Endive,#d2cc81
Custard,#e5d68e
Canary Yellow,#dfd87e
Yellow Cream,#efdc75
Cream Gold,#dec05f
Aurora,#eddd59
Green Sheen,#d9ce52
Maize,#eec843
Blazing Yellow,#fee715
Buttercup,#fae03c
Empire Yellow,#f7d000
Lemon,#f3bf08
Mimosa,#f0c05a
Aspen Gold,#ffd662
Dandelion,#ffd02e
Vibrant Yellow,#ffda29
Cyber Yellow,#ffd400
Freesia,#f3c12c
Lemon Chrome,#ffc300
Mellow Yellow,#f0dd9d
Pale Banana,#fae199
Popcorn,#f8de8d
Sunshine,#fade85
Lemon Drop,#fdd878
Primrose Yellow,#f6d155
Super Lemon,#e4bf45
Misted Yellow,#dab965
Sauterne,#c5a253
Honey,#ba9238
Arrowwood,#bc8d1f
Tawny Olive,#c4962c
Ceylon Yellow,#d4ae40
Lemon Curry,#cda323
Fall Leaf,#c9a86a
Antelope,#b19664
Mustard Gold,#b08e51
Harvest Gold,#b68a3a
Nugget Gold,#c89720
Golden Spice,#c6973f
Golden Yellow,#cb8e16
Ochre,#d6af66
Tinsel,#c3964d
Bright Gold,#cf9f52
Honey Gold,#d1a054
Amber Gold,#c19552
Mineral Yellow,#d39c43
Narcissus,#c39449
Marzipan,#d8c09d
Curry,#be9e6f
Prairie Sand,#b59a6a
Honey Mustard,#b68f52
Wood Thrush,#a47d43
Golden Brown,#91672f
Bronze Brown,#825e2f
Apple Cinnamon,#b0885a
Bone Brown,#9d7446
Dijon,#97754c
Bistre,#98754a
Medal Bronze,#977547
Cumin,#927240
Breen,#795d34
Snapdragon,#fed777
Banana Cream,#ffcf73
Daffodil,#fdc04e
Yolk Yellow,#e2b051
Golden Rod,#e2a829
Old Gold,#eca825
Spectra Yellow,#f7b718
Golden Haze,#fbd897
Sahara Sun,#dfc08a
New Wheat,#d7b57f
Cornsilk,#edc373
Buff Yellow,#f1bf70
Sunset Gold,#f7c46c
Golden Cream,#f7b768
Impala,#f8ce97
Flax,#ffc87d
Pale Marigold,#ffc66e
Amber Yellow,#fab75a
Amber,#efad55
Golden Apricot,#dda758
Beeswax,#eba851
Banana,#fcb953
Citrus,#f9ac2f
Golden Glow,#d99938
Artisans Gold,#f2ab46
Sunflower,#d39237
Buckthorn Brown,#a76f1f
Cathay Spice,#99642c
Taffy,#c39b6a
Oak Buff,#cf9c63
Honey Yellow,#ca9456
Spruce Yellow,#be8a4a
Inca Gold,#bb7a2c
Sudan Brown,#ac6b29
Rubber,#815b37
Wheat,#dec5a5
Honey Peach,#dcbd9e
Desert Dust,#e3bc8e
Golden Straw,#e6bd8f
Buff,#ebc396
Desert Mist,#e0b589
Clay,#d2a172
Golden Fleece,#f2d1a0
Apricot Sherbet,#facd9e
Sunburst,#f6c289
Apricot Cream,#f1bd89
Buff Orange,#ffbb7c
Chamois,#f7b26a
Warm Apricot,#ffb865
Marigold,#fadc53
Golden Nugget,#db9b59
Butterscotch,#e19640
Nugget,#cf8848
Buckskin,#d18e54
Yam,#d0893f
Golden Oak,#be752d
Gold Fusion,#ffb000
Saffron,#ffa500
Cadmium Yellow,#ee9626
Zinnia,#ffa010
Radiant Yellow,#fc9e21
Apricot,#f19035
Dark Cheddar,#e08119
Apricot Ice,#fbbe99
Apricot Nectar,#ecaa79
Gold Earth,#dd9c6b
Apricot Tan,#dd9760
Topaz,#d08344
Golden Ochre,#c77943
Apricot Buff,#cd7e4d
Peach Cobbler,#ffb181
Salmon Buff,#feaa7b
Pumpkin,#f5a26f
Mock Orange,#ffa368
Muskmelon,#ec935e
Copper Tan,#de8e65
Coral Gold,#d27d56
Russet Orange,#e47127
Orange Ochre,#dc793a
Amberglow,#dc793e
Jaffa Orange,#d86d39
Apricot Orange,#c86b3c
Burnt Orange,#c86733
Harvest Pumpkin,#d56231
Blazing Orange,#ffa64f
Flame Orange,#fb8b23
Bright Marigold,#ff8d00
Autumn Glory,#ff8812
Sun Orange,#f48037
Persimmon Orange,#f47327
Orange Popsicle,#ff7913
Autumn Sunset,#f38554
Tangerine,#f88f58
Bird Of Paradise,#ff8c55
Orange Peel,#fa7a35
Mandarin Orange,#ec6a37
Golden Poppy,#f56733
Vibrant Orange,#ff7420
Nectarine,#ff8656
Coral Rose,#f3774d
Carrot,#fd6f3b
Firecracker,#f36944
Red Orange,#f05627
Vermillion Orange,#f9633b
Flame,#f2552c
Creampuff,#ffcda8
Bleached Apricot,#fccaac
Almond Cream,#f4c29f
Beach Sand,#fbb995
Cream Blush,#f8c19a
Caramel Cream,#f4ba94
Peach Fuzz,#ffbe98
Prairie Sunset,#ffbb9e
Coral Sands,#edaa86
Apricot Wash,#fbac82
Canyon Sunset,#e1927a
Brandied Melon,#ce7b5b
Carnelian,#ce785d
Mango,#b75e41
Peach,#f2a987
Cantaloupe,#ffa177
Coral Reef,#faa181
Shell Coral,#ea9575
Cadmium Orange,#f99471
Melon,#fe8863
Dusty Orange,#e27a53
Arabesque,#d16f52
Langoustino,#ca6c56
Ginger,#c96551
Flamingo,#df7253
Orange Rust,#c25a3c
Burnt Ochre,#bb4f35
Chili,#be5141
Ginger Spice,#b65d48
Autumn Glaze,#b3573f
Auburn,#a15843
Picante,#8d3f2d
Tandori Spice,#9f4440
Cinnabar,#9c453b
Bossa Nova,#973a36
Tropical Peach,#ffc4b2
Peach Parfait,#f8bfa8
Coral Pink,#e8a798
Dusty Pink,#deaa9b
Muted Clay,#d29380
Shrimp,#e29a86
Tawny Orange,#d37f6f
Coral Haze,#e38e84
Canyon Clay,#ce8477
Terra Cotta,#d38377
Desert Sand,#bd7b74
Light Mahogany,#ad6d68
Cedar Wood,#a1655b
Withered Rose,#a26666
Rose Dawn,#c2877b
Ash Rose,#b5817d
Old Rose,#b47b77
Brick Dust,#b07069
Canyon Rose,#af6c67
Dusty Cedar,#ad5d5d
Marsala,#964f4c
Apricot Brandy,#c26a5a
Aragon,#b06455
Hot Sauce,#ab4f41
Bruschetta,#a75949
Etruscan Red,#a2574b
Redwood,#a6594c
Burnt Brick,#a14d3a
Faded Rose,#bf6464
Baked Apple,#b34646
Pompeian Red,#a4292e
Ketchup,#9a382d
Red Ochre,#913832
Barn Red,#8f423b
Burnt Henna,#7e392f
Peach Pearl,#ffb2a5
Peach Melba,#fbbdaf
Apricot Blush,#feaea5
Peach Bud,#fdb2ab
Coral Almond,#e29d94
Lobster Bisque,#dd9289
Lantana,#da7e7a
Peach Nectar,#ffb59b
Salmon,#faaa94
Peach Amber,#fb9f93
Desert Flower,#ff9687
Peach Pink,#fa9a85
Burnt Coral,#e9897e
Crabapple,#d77e70
Papaya Punch,#fca289
Fusion Coral,#ff8576
Fresh Salmon,#ff7f6a
Persimmon,#f67866
Coral,#ed7464
Living Coral,#ff6f61
Hot Coral,#f35b53
Shell Pink,#f88180
Georgia Peach,#f97272
Sugar Coral,#f56c73
Dubarry,#f25f66
Porcelain Rose,#ea6b6a
Spiced Coral,#d75c5d
Deep Sea Coral,#d9615b
Rose Of Sharon,#dc5b62
Cayenne,#e04951
Hibiscus,#dd3848
Poinsettia,#cb3441
Chrysanthemum,#be454f
Cranberry,#bb4a4d
Cardinal,#ad3e48
Tigerlily,#e2583e
Grenadine,#df3f32
Mandarin Red,#e74a33
Fiesta,#dd4132
Cherry Tomato,#eb3c27
Orange Com,#da321c
Spicy Orange,#d73c26
Camellia,#f6745f
Nasturtium,#fe6347
Emberglow,#ea6759
Burnt Sienna,#c65d52
Paprika,#ce4d42
Red Clay,#c2452d
Molten Lava,#b5332e
Bittersweet,#d93744
Poppy Red,#dc343b
Tomato,#ce2939
Fiery Red,#d01c1f
Flame Scarlet,#cd212a
High Risk Red,#c71f2d
Aurora Red,#b93a32
Rococco Red,#bb363f
Tomato Puree,#c53346
Lollipop,#cc1c3b
Ski Patrol,#bb1237
Scarlet,#bc2b3d
Lipstick Red,#b31a38
Crimson,#ae0e36
Racing Red,#bd162c
Mars Red,#bc2731
Tango Red,#ac0e2e
Chinese Red,#be132d
Ribbon Red,#b92636
True Red,#bf1932
Chili Pepper,#9b1b30
Quartz Pink,#efa6aa
Pink Icing,#eea0a6
Blossom,#f2b2ae
Peaches N Cream,#f4a6a3
Candlelight Peach,#f8a39d
Strawberry Ice,#e78b90
Peach Blossom,#de8286
Flamingo Pink,#f7969e
Confetti,#e6798e
Bubblegum,#ea738d
Pink Lemonade,#ee6d8a
Camellia Rose,#eb6081
Rapture Rose,#d16277
Desert Rose,#cf6977
Geranium Pink,#f6909d
Conch Shell,#fc8f9b
Salmon Rose,#ff8d94
Strawberry Pink,#f57f8e
Sunkist Coral,#ea6676
Calypso Coral,#ee5c6c
Tea Rose,#dc7178
Geranium,#da3d58
Paradise Pink,#e4445e
Teaberry,#dc3855
Rouge Red,#e24666
Raspberry,#d32e5e
Azalea,#d42e5b
Virtual Pink,#c6174e
Claret Red,#c84c61
Raspberry Wine,#b63753
Rose Red,#c92351
Barberry,#bf1945
Bright Rose,#c51959
Persian Red,#a21441
Cerise,#a41247
Pink Lady,#efc1d6
Lilac Sachet,#e9adca
Prism Pink,#f0a1bf
Begonia Pink,#ec9abe
Fuchsia Pink,#df88b7
Rosebloom,#e290b2
Ibis Rose,#ca628f
Sachet Pink,#f18aad
Wild Orchid,#d979a2
Aurora Pink,#e881a6
Chateau Rose,#d2738f
Morning Glory,#ee819f
Azalea Pink,#e96a97
Shocking Pink,#de5b8c
Hot Pink,#e55982
Fandango Pink,#e04f80
Honeysuckle,#d94f70
Raspberry Sorbet,#d2386c
Carmine,#bc4869
Fuchsia Rose,#c74375
Beetroot Purple,#cf2d71
Pink Carnation,#ed7a9e
Carmine Rose,#e35b8f
Magenta,#d23c77
Pink Flambe,#d3507a
Fuchsia Purple,#d33479
Lilac Rose,#bd4275
Very Berry,#b73275
Super Pink,#ce6ba4
Phlox Pink,#ce5e9a
Raspberry Rose,#cc4385
Rose Violet,#c0428a
Fuchsia Red,#ab3475
Cactus Flower,#a83e6c
Magenta Haze,#9d446e
Shrinking Violet,#f4e1e6
Primrose Pink,#eed4d9
Silver Pink,#dcb1af
Powder Pink,#ecb2b3
Mauveglow,#d18489
Brandied Apricot,#ca848a
Dusty Rose,#ba797d
Mauve Morn,#ecd6d6
Mauve Chalk,#e5d0cf
Pearl,#f9dbd8
Bridal Rose,#d69fa2
Blush,#d1969a
Baroque Rose,#b35a66
Slate Rose,#b45865
Mineral Red,#b35457
Garnet Rose,#ac4b55
Holly Berry,#b44e5d
American Beauty,#a73340
Jester Red,#9e1030
Rio Red,#8a2232
Rumba Red,#7c2439
Earth Red,#95424e
Deep Claret,#973443
Garnet,#953640
Brick Red,#8c373e
Rosewood,#813639
Tibetan Red,#782a39
Biking Red,#77212e
Apple Butter,#844b4d
Oxblood Red,#70393f
Cowhide,#884344
Burnt Russet,#7e3940
Ruby Wine,#77333b
Cordovan,#702f3b
Tawny Port,#5c2c35
Creole Pink,#f7d5cc
Peach Blush,#e4ccc6
Cloud Pink,#f5d1c8
Veiled Rose,#f8cdc9
Pearl Blush,#f4cec5
English Rose,#f4c6c3
Lotus,#e2c1c0
Rosewater,#f6dbd8
Peach Whip,#dbbeb7
Rose Smoke,#d3b4ad
Coral Cloud,#e2a9a1
Misty Rose,#caa39a
Peach Beige,#d3a297
Cameo Brown,#c08a80
Seashell Pink,#f7c8c2
Chintz Rose,#eec4be
Impatiens Pink,#ffc4bc
Peachskin,#dfb8b6
Mellow Rose,#d9a6a1
Rose Tan,#d19c97
Rosette,#ce8e8b
Mauvewood,#a75d67
Rose Wine,#a4596d
Malaga,#9f5069
Dry Rose,#8c4759
Hawthorn Rose,#884c5e
Maroon,#834655
Wild Ginger,#7c4c53
Sangria,#982551
Red Bud,#962d49
Beaujolais,#80304c
Anemone,#842c48
Beet Red,#7a1f3d
Red Plum,#7c2946
Rhododendron,#722b3f
Barely Pink,#f8d7dd
Blushing Bride,#fbd3d9
Cradle Pink,#edd0dd
Pale Lilac,#e1c6cc
Chalk Pink,#e6c5ca
Light Lilac,#dec6d3
Pink Nectar,#d8aab7
Heavenly Pink,#f4dede
Potpourri,#e7c9ca
Crystal Pink,#edd0ce
Pink Dogwood,#f7d1d1
Crystal Rose,#fdc3c6
Strawberry Cream,#f4c3c4
Gossamer Pink,#fac8c3
Rose Shadow,#f9c2cd
Orchid Pink,#f3bbca
Almond Blossom,#f5bec7
Coral Blush,#e6b2b8
Candy Pink,#f5b0bd
Peony,#ed9ca8
Sea Pink,#de98ab
Cashmere Rose,#ce879f
Wild Rose,#ce8498
Orchid Smoke,#d294aa
Polignac,#c28799
Lilas,#b88995
Mauve Orchid,#b58299
Orchid Haze,#b0879b
Parfait Pink,#e9c3cf
Pink Mist,#e6bccd
Cameo Pink,#dba9b8
Sweet Lilac,#e8b5ce
Pink Lavender,#d9afca
Pastel Lavender,#d8a1c4
Orchid,#d198c5
Lilac Chiffon,#de9bc4
Moonlite Mauve,#d28fb0
Cyclamen,#d687ba
Opera Mauve,#ca80b1
Crocus,#c67fae
Mulberry,#a76c97
Striking Purple,#944e87
Violet,#c17fb5
Iris Orchid,#a767a2
Radiant Orchid,#ad5e99
Spring Crocus,#ba69a1
Meadow Mauve,#a9568c
Amethyst,#864d75
Magenta Purple,#6b264b
Rosebud,#b65f9a
Purple Orchid,#ad4d8c
Festival Fuchsia,#9e2c6a
Baton Rouge,#973c6c
Boysenberry,#85325c
Raspberry Radiance,#802a50
Purple Potion,#692746
Dahlia Mauve,#a64f82
Vivid Viola,#993c7c
Wild Aster,#92316f
Deep Orchid,#903f75
Clover,#8a3371
Purple Wine,#8c3573
Hollyhock,#823270
Hyacinth Violet,#8d4687
Dahlia,#843e83
Sparkling Grape,#773376
Byzantium,#853b7b
Phlox,#692d5d
Grape Juice,#682961
Gloxinia,#622e5a
Crystal Gray,#d7cbc4
Mushroom,#bdaca3
Shadow Gray,#bba5a0
Sphinx,#ab9895
Bark,#a99592
Fawn,#ae9490
Adobe Rose,#ba9f99
Pale Mauve,#c6a4a4
Woodrose,#ae8c8e
Deauville Mauve,#af9294
Twilight Mauve,#8b6f70
Rose Taupe,#806062
Rose Brown,#80565b
Roan Rouge,#885157
Antler,#957a76
Peppercorn,#6c5656
Raisin,#524144
Huckleberry,#5b4349
Catawba Grape,#5d3c43
Puce,#503938
Fudge,#493338
Mahogany Rose,#c5a193
Burlwood,#9b716b
Marron,#6e4c4b
Decadent Chocolate,#513235
Red Mahogany,#60373d
Vineyard Wine,#58363d
Winetasting,#492a34
Port,#663336
Chocolate Truffle,#612e35
Burgundy,#64313e
Zinfandel,#5c2935
Windsor Wine,#582b36
Port Royale,#502b33
Fig,#532d3b
Violet Ice,#c2acb1
Burnished Lilac,#c5aeb1
Keepsake Lilac,#c0a5ae
Mauve Shadows,#b598a3
Dawn Pink,#bfa3af
Fragrant Lilac,#ceadbe
Mauve Mist,#c49bd4
Heather Rose,#ad6d7f
Red Violet,#a35776
Mellow Mauve,#996378
Bordeaux,#96637b
Violet Quartz,#8b4963
Damson,#854c65
Amaranth,#6f3c56
Zephyr,#c89fa5
Dusky Orchid,#9a7182
Grape Shake,#886971
Wistful Mauve,#946c74
Tulipwood,#805466
Grape Nectar,#8d5c74
Argyle Purple,#895c79
Nostalgia Rose,#a4777e
Deco Rose,#985f68
Renaissance Rose,#865560
Nocturne,#7a4b56
Crushed Berry,#804f5a
Crushed Violets,#643a4c
Mauve Wine,#5b3644
Plum Wine,#674550
Eggplant,#613f4c
Prune,#603749
Prune Purple,#5c3a4d
Grape Wine,#5a2f43
Italian Plum,#533146
Potent Purple,#462639
Lavender Herb,#b18eaa
Lavender Mist,#ae90a7
Valerian,#9f7a93
Very Grape,#927288
Grapeade,#85677b
Purple Gumdrop,#7a596f
Berry Conserve,#765269
Chinese Violet,#835e81
Crushed Grape,#7a547f
Concord Grape,#7c5379
Sunset Purple,#6f456e
Wood Violet,#75406a
Purple Passion,#683d62
Dark Purple,#582147
Grape Jam,#725671
Deep Purple,#50314c
Wineberry,#5a395b
Grape Royale,#4f2d54
Plum Purple,#51304e
Hortensia,#553b50
Blackberry Wine,#4d3246
Navy Cosmos,#503b53
Indigo,#4c3957
Purple Pennant,#432c47
Plum Perfect,#473442
Sweet Grape,#4b3b4f
Shadow Purple,#4e334e
Blackberry Cordial,#3f2a47
Purple Reign,#56456b
Mulberry Purple,#493c62
Gothic Grape,#473951
Grape,#433455
Mysterioso,#46394b
Purple Velvet,#41354d
Nightshade,#433748
Orchid Tint,#dbd2db
Lilac Ash,#d7cdcd
Gray Lilac,#d4cacd
Hushed Violet,#d1c0bf
Cloud Gray,#b7a9ac
Quail,#98868c
Nirvana,#a2919b
Orchid Hush,#cec3d2
Iris,#baafbc
Sea Fog,#a5929d
Elderberry,#9d848e
Black Plum,#6c5765
Flint,#705861
Sassafras,#54353b
Evening Haze,#bdb8c7
Thistle,#b9b3c5
Lavender Gray,#9890a2
Minimal Gray,#948d99
Purple Ash,#8f8395
Gray Ridge,#847986
Purple Sage,#75697e
Heirloom Lilac,#9d96b2
Wisteria,#a198af
Dusk,#897f98
Daybreak,#8981a0
Cadet,#6a6378
Mulled Grape,#675a74
Purple Plumeria,#473854
Lilac Marble,#c3babf
Ashes Of Roses,#b5acab
Gull Gray,#a49ca0
Zinc,#92898a
Gull,#918c8f
Shark,#6d636b
Sparrow,#69595c
Orchid Ice,#e0d0db
Lilac Snow,#e0c7d7
Winsome Orchid,#d4b9cb
Fair Orchid,#c0aac0
Lavender Frost,#bdabbe
Orchid Petal,#bfb4cb
Pastel Lilac,#bdb0d0
Orchid Bloom,#c5aecf
Orchid Bouquet,#d1acce
Lupine,#be9cc1
Violet Tulle,#c193c0
Sheer Lilac,#b793c0
African Violet,#b085b7
Dusty Lavender,#a1759c
Paisley Purple,#8b79b1
Hyacinth,#936ca7
Amethyst Orchid,#926aa6
Dewberry,#8b5987
Purple Heart,#745587
Meadow Violet,#764f82
Royal Purple,#603f83
Deep Lavender,#775496
Royal Lilac,#774d8e
Pansy,#653d7c
Bright Violet,#784384
Amaranth Purple,#6a397b
Purple Magic,#663271
Plum,#5a315d
Imperial Palace,#604e7a
Patrician Purple,#6c4e79
Loganberry,#5a4769
Majesty,#593761
Imperial Purple,#542c5d
Crown Jewel,#482d54
Parachute Purple,#392852
Lavender Fog,#d2c4d6
Lavendula,#bca4cb
Lavender,#afa4ce
Bougainvillea,#9884b9
Violet Tulip,#9e91c3
Chalk Violet,#8f7da5
Purple Haze,#807396
Smoky Grape,#b88aac
Regal Orchid,#a98baf
Viola,#a692ba
Orchid Mist,#917798
Grape Compote,#6b5876
Montana Grape,#6c5971
Vintage Violet,#634f62
Aster Purple,#7d74a8
Dahlia Purple,#7e6eac
Passion Flower,#6d5698
Ultra Violet,#5f4b8b
Prism Violet,#53357d
Heliotrope,#4f3872
Petunia,#4f3466
Corsican Blue,#646093
Veronica,#6d6695
Blue Iris,#5a5b9f
Purple Opulence,#60569a
Gentian Violet,#544275
Liberty,#4d448a
Deep Blue,#44377d
Bleached Denim,#646f9b
Heron,#62617e
Skipper Blue,#484a72
Navy Blue,#403f6f
Deep Wisteria,#443f6f
Blue Ribbon,#3a395f
Astral Aura,#363151
Lilac Hint,#d0d0da
Misty Lilac,#bcb4c4
Lavender Blue,#c5c0d0
Purple Heather,#bab8d3
Cosmic Sky,#aaaac4
Languid Lavender,#a2a1ba
Dapple Gray,#9c9ba7
Sweet Lavender,#9a9bc1
Easter Egg,#919bc9
Jacaranda,#848dc5
Deep Periwinkle,#7c83bc
Dusted Peri,#696ba0
Violet Storm,#5c619d
Baja Blue,#5f6db0
Thistle Down,#9499bb
Persian Violet,#8c8eb2
Twilight Purple,#66648b
Orient Blue,#47457a
Clematis Blue,#363b7c
Royal Blue,#3d428b
Spectrum Blue,#3d3c7c
Lavender Violet,#767ba5
Blue Ice,#70789b
Velvet Morning,#60688d
Marlin,#515b87
Blueprint,#2d3359
Blue Depths,#263056
Medieval Blue,#29304e
Lavender Aura,#9f99aa
Stonewash,#74809a
Nightshadow Blue,#4e5368
Blue Indigo,#49516d
Graystone,#4d495b
Crown Blue,#464b65
Deep Cobalt,#404466
Arctic Ice,#bfc7d6
Gray Dawn,#bbc1cc
Heather,#b7c0d6
Eventide,#959eb7
Silver Lake Blue,#618bb9
Blue Bonnet,#6384b8
Blue Yonder,#5a77a8
Lavender Lustre,#8c9cc1
Purple Impression,#858fb1
Grapemist,#8398ca
Vista Blue,#81a0d4
Cornflower Blue,#7391c8
Persian Jewel,#6e81be
Wedgewood,#6479b3
Skyway,#adbed3
Cashmere Blue,#a5b8d0
Blue Bell,#93b4d7
Placid Blue,#8cadd3
Della Robbia Blue,#7a9dcb
Provence,#658dc6
Ultramarine,#5b7ebd
Allure,#7291b4
Colony Blue,#65769a
Moonlight Blue,#506886
Dutch Blue,#4a638d
Delft,#3d5e8c
Limoges,#243f6c
Estate Blue,#233658
Infinity,#6e7e99
Bijou Blue,#4e5e7f
Coastal Fjord,#505d7e
True Navy,#3f5277
Ensign Blue,#384c67
Dark Denim,#35465e
Insignia Blue,#2f3e55
Air Blue,#77acc7
Heritage Blue,#5d96bc
Ethereal Blue,#5ca6ce
Bonnie Blue,#539ccc
Cendre Blue,#3e7fa5
Parisian Blue,#4f7ca4
Faience,#2a6a8b
Alaskan Blue,#6da9d2
Little Boy Blue,#6ea2d5
Azure Blue,#4d91c6
Riviera,#5879a2
Federal Blue,#43628b
Star Sapphire,#386192
Bright Cobalt,#385d8d
Dusk Blue,#7ba0c0
Regatta,#487ab7
Palace Blue,#346cb0
Strong Blue,#1f5da0
Turkish Sea,#195190
Olympian Blue,#1a4c8b
Classic Blue,#0f4c81
Marina,#4f84c4
Campanula,#3272af
Daphne,#0f5f9a
Victoria Blue,#08589d
Snorkel Blue,#034f84
Nautical Blue,#1a5091
Princess Blue,#00539c
Dazzling Blue,#3850a0
Amparo Blue,#4960a8
Deep Ultramarine,#384883
Surf The Web,#203c7f
Mazarine Blue,#273c76
True Blue,#1e4477
Twilight Blue,#313d64
Kentucky Blue,#a5b3cc
Cerulean,#9bb7d4
Powder Blue,#96b3d2
Forever Blue,#899bb8
Tempest,#79839b
Country Blue,#717f9b
English Manor,#7181a4
Illusion Blue,#c9d3dc
Ballad Blue,#c0ceda
Baby Blue,#b5c7d3
Celestial Blue,#a3b4c4
Blue Fog,#9babbb
Flint Stone,#677283
Folkstone Gray,#626879
Pearl Blue,#b0b7be
Monument,#84898c
Dark Slate,#46515a
Midnight Navy,#34414e
Total Eclipse,#2c313d
Blue Graphite,#323137
Dark Navy,#232f36
Ice Flow,#c6d2d2
Quarry,#98a0a5
Griffin,#8d8f8f
Dark Shadow,#4a4b4d
Ombre Blue,#434854
India Ink,#3c3f4a
Ebony,#41424a
Patriot Blue,#363756
Eclipse,#343148
Mood Indigo,#353a4c
Peacoat,#2b2e43
Black Iris,#2b3042
Dress Blues,#2a3244
Blue Nights,#363b48
Angel Falls,#a3bdd3
Dream Blue,#a0bcd0
Ashley Blue,#8699ab
Dusty Blue,#8c9dad
Indian Teal,#3c586b
Stargazer,#39505c
Orion Blue,#3e4f5c
Forget-Me-Not,#8fadbd
Faded Denim,#798ea4
Blue Shadow,#66829a
Coronet Blue,#59728e
Captains Blue,#557088
Copen Blue,#516b84
China Blue,#546477
Adriatic Blue,#5c899b
Provincial Blue,#5c798e
Niagara,#5487a4
Blue Heaven,#5b7e98
Stellar,#46647e
Real Teal,#405d73
Majolica Blue,#274357
Starlight Blue,#b5ced4
Winter Sky,#a9c0cb
Stratosphere,#9ec1cc
Sterling Blue,#a2b9c2
Arona,#879ba3
Citadel,#748995
Blue Mirage,#5c6d7c
Cloud Blue,#a2b6b9
Ether,#9eb6b8
Cameo Blue,#769da6
Stone Blue,#829ca5
Tourmaline,#86a1a9
Smoke Blue,#6d8994
Bluestone,#577284
Aquamarine,#9dc3d4
Sky Blue,#8abad3
Milky Blue,#72a8ba
Blue Grotto,#5cacce
Norse Blue,#4ca5c7
Aquarius,#3cadd4
Maui Blue,#52a2b4
Blue Mist,#5bacc3
River Blue,#38afcd
Cyan Blue,#14a3c7
Horizon Blue,#289dbe
Blue Moon,#3686a0
Bluejay,#157ea0
Mediterranean Blue,#1478a7
Bachelor Button,#4abbd5
Blue Atoll,#00b1d2
Vivid Blue,#0088b0
Hawaiian Ocean,#008db9
Blue Danube,#0087b6
Blue Jewel,#007baa
Methyl Blue,#0074a8
Malibu Blue,#008cc1
Blithe,#0084bd
Swedish Blue,#007eb1
Dresden Blue,#0086bb
Diva Blue,#007bb2
Blue Aster,#0077b3
Cloisonne,#0075af
French Blue,#0072b5
Brilliant Blue,#0075b3
Directoire Blue,#0061a3
Skydiver,#00589b
Imperial Blue,#005a92
Deep Water,#266691
Dark Blue,#305679
Pastel Blue,#bcd3d5
Clearwater,#aad5db
Blue Glow,#b2d4dd
Plume,#a5cfd5
Porcelain Blue,#95c0cb
Crystal Blue,#a1c8db
Petit Four,#87c2d4
Wan Blue,#cbdcdf
Whispering Blue,#c9dcdc
Skylight,#c8e0e0
Aquatic,#99c1cc
Marine Blue,#76afb6
Reef Waters,#6f9fa9
Arctic,#648589
Chalk Blue,#ccdad7
Pale Blue,#c4d6d3
Misty Blue,#bfcdcc
Sky Gray,#bcc8c6
Surf Spray,#b4c8c2
Gray Mist,#99aeae
Aquifer,#89acac
Blue Glass,#c6e3e1
Icy Morn,#b0d3d1
Canal Blue,#9cc2c5
Pastel Turquoise,#99c5c4
Aqua Haze,#87b9bc
Aqua Sea,#6baaae
Meadowbrook,#60a0a3
Glacier,#c3dbd4
Fair Aqua,#b8e2dc
Soothing Sea,#c3e9e4
Bleached Aqua,#bce3df
Blue Light,#acdfdd
Blue Tint,#9fd9d7
Aqua Sky,#7bc4c4
Morning Mist,#cfdfdb
Harbor Gray,#a8c0bb
Eggshell Blue,#a3ccc9
Dusty Turquoise,#649b9e
Porcelain,#5d9ca4
Brittany Blue,#4c7e86
Hydro,#426972
Blue Haze,#a5bcbb
Nile Blue,#76a7ab
Mineral Blue,#6d9192
Bristol Blue,#558f91
Teal,#478589
Blue Spruce,#486b67
Sagebrush Green,#567572
Green Milieu,#8a9992
Jadeite,#95a69f
Blue Surf,#90a8a4
Oil Blue,#658c88
Trellis,#6a8988
North Atlantic,#536d70
Sea Pine,#4c6969
Slate,#8c9fa1
Silver Blue,#8a9a9a
Abyss,#8f9e9d
Lead,#7a898f
Stormy Sea,#6e8082
Trooper,#697a7e
Goblin Blue,#5f7278
Slate Gray,#8a9691
Chinois Green,#7c8c87
Dark Forest,#556962
Balsam Green,#576664
Beetle,#55584c
Urban Chic,#464e4d
Darkest Spruce,#303d3c
Mallard Blue,#3a5c6e
Celestial,#006380
Saxony Blue,#1f6680
Lyons Blue,#005871
Ink Blue,#0b5369
Corsair,#18576c
Legion Blue,#1f495b
Aegean Blue,#4e6e81
Bluesteel,#35637c
Blue Ashes,#3b5f78
Midnight,#325b74
Blue Sapphire,#09577b
Seaport,#005e7d
Moroccan Blue,#0f4e67
Ocean Depths,#006175
Blue Coral,#1b5366
Dragonfly,#2a5c6a
Pacific,#1f595c
Balsam,#33565e
Mediterranea,#32575d
Atlantic Deep,#274e55
Aqua,#64a1ad
Stillwater,#70a4b0
Delphinium Blue,#6198ae
Larkspur,#3c7d90
Storm Blue,#47788a
Tapestry,#436573
Colonial Blue,#2d6471
Peacock Blue,#00a0b0
Capri Breeze,#008799
Algiers Blue,#00859c
Caneel Bay,#00849f
Caribbean Sea,#00819d
Mosaic Blue,#00758f
Turkish Tile,#00698b
Angel Blue,#83c5cd
Blue Radiance,#58c9d4
Capri,#44bbca
Blue Curacao,#32becc
Scuba Blue,#00abc0
Bluebird,#009dae
Enamel Blue,#007a8e
Pool Blue,#67bcb3
Blue Turquoise,#53b0ae
Baltic,#279d9f
Lake Blue,#008c96
Tile Blue,#008491
Pagoda Blue,#1a7f8e
Biscay Bay,#097988
Aruba Blue,#81d7d3
Ceramic,#00aaa9
Viridian Green,#009499
Tropical Green,#008786
Navigate,#008583
Deep Peacock Blue,#008381
Lapis,#008684
Turquoise,#45b5aa
Waterfall,#3ab0a2
Lagoon,#4d9e9a
Bright Aqua,#30a299
Porcelain Green,#108780
Blue Grass,#007c7a
Fanfare,#006d70
Atlantis,#00af9f
Pool Green,#00af9d
Dynasty Green,#008e80
Spectra Green,#009b8c
Columbia,#009288
Teal Blue,#007f7c
Parasailing,#00736c
Wasabi,#73a89e
Beryl Green,#619187
Deep Sea,#4f7c74
Bottle Green,#427d6d
Galapagos Green,#29685f
Antique Green,#29675c
Storm,#035453
Marine Green,#40a48e
Sea Green,#149c88
Greenlake,#007d69
Tidepool,#0a6f69
Ivy,#226c63
Cadmium Green,#00675b
Alpine Green,#005f56
Canton,#6da29e
Agate Green,#599f99
Sea Blue,#549f98
Latigo Bay,#379190
Green-Blue Slate,#358082
Bayou,#20706f
North Sea,#316c6b
Deep Jungle,#36716f
Everglade,#005b5d
Teal Green,#006361
Harbor Blue,#00656e
Deep Lake,#00656b
Shaded Spruce,#00585e
Deep Teal,#18454b
Silver Pine,#4e6866
Mallard Green,#405e5c
Bistro Green,#395551
Jasper,#335959
Bayberry,#255958
June Bug,#264a48
Ponderosa Pine,#203b3d
Aqua Glass,#d2e8e0
Opal Blue,#c3ddd6
Dusty Aqua,#c0dccd
Ocean Wave,#8ec5b6
Holiday,#81c3b4
Cascade,#76c1b2
Dusty Jade Green,#7bb5a3
Honeydew,#bae1d3
Brook Green,#afddcc
Cabbage,#87d7be
Beveled Glass,#7accb8
Opal,#77cfb7
Biscay Green,#55c6a9
Spearmint,#64bfa4
Moonlight Jade,#c7e5df
Bay,#bae5d6
Yucca,#a1d7c9
Beach Glass,#96dfce
Ice Green,#87d8c3
Cockatoo,#58c8b6
Florida Keys,#56beab
Bermuda,#60c9b3
Electric Green,#4bc3a8
Aqua Green,#00b89f
Billiard,#00aa92
Arcadia,#00a28a
Alhambra,#008778
Deep Green,#009276
Mint Leaf,#00b694
Peacock Green,#00a78b
Vivid Green,#009e82
Emerald,#009473
Viridis,#00846b
Shady Glade,#006e5b
Ultramarine Green,#006b54
Silt Green,#a9bdb1
Frosty Green,#a3b5a6
Iceberg Green,#8c9c92
Granite Green,#86a293
Green Bay,#7e9285
Lily Pad,#818f84
Laurel Wreath,#616f65
Green Spruce,#589f7e
Comfrey,#5b7961
Dark Ivy,#5b7763
Foliage Green,#3e6f58
Myrtle,#4f6b58
Posy Green,#325b51
Pineneedle,#334d41
Sea Spray,#717e6f
Duck Green,#53665c
Frosty Spruce,#578270
Fir,#3a725f
Evergreen,#11574a
Hunter Green,#335749
Dark Green,#314f40
Feldspar,#729b8b
Smoke Pine,#3e6257
Trekking Green,#355048
Garden Topiary,#3e524b
Jungle Green,#3c4e47
Sycamore,#35463d
Green Gables,#324241
Vetiver,#807d6f
Deep Lichen Green,#6e6e5c
Thyme,#50574c
Kombu Green,#3a4032
Deep Forest,#37413a
Forest Night,#434237
Rosin,#36362d
Celadon,#b8ccba
Pale Aqua,#c1ccc2
Smoke,#bfc8c3
Foggy Dew,#d1d5d0
Mercury,#bac2ba
Mineral Gray,#b2b6ac
Aqua Gray,#a5b2aa
Fairest Jade,#d8e3d7
Water Lily,#dde3d5
Canary Green,#d6dec9
Almost Aqua,#cad3c1
Green Tint,#c5ccc0
Sea Foam,#b7c2b2
Desert Sage,#a7ae9e
Whisper Green,#e0e6d7
Celadon Tint,#cbcebe
Dewkist,#c4d1c2
Green Lily,#c1cec1
Cameo Green,#aac0ad
Seagrass,#959889
Shadow,#888d82
Clearly Aqua,#cee1d4
Misty Jade,#bcd9c8
Subtle Green,#b5cbbb
Aqua Foam,#adc3b4
Gossamer Green,#b2cfbe
Lichen,#9bc2b1
Grayed Jade,#9bbea9
Milky Green,#cfdbd1
Phantom Green,#dce4d7
Mist Green,#aacebc
Birds Egg Green,#aaccb9
Bok Choy,#bccab3
Smoke Green,#a8bba2
Malachite Green,#709a89
Mistletoe,#8aa282
Basil,#879f84
Mineral Green,#7a9b78
Green Eyes,#7d956d
Turf Green,#6f8c69
Watercress,#748c69
Elm Green,#547053
Hedge Green,#768a75
Loden Frost,#788f74
Shale Green,#739072
Kashmir,#6f8d6a
Stone Green,#658e67
English Ivy,#61845b
Deep Grass Green,#558367
Piquant Green,#769358
Forest Green,#6b8d53
Fluorite Green,#699158
Cactus,#53713d
Garden Green,#495e35
Artichoke Green,#4b6d41
Willow Bough,#59754d
Aspen Green,#7e9b76
Medium Green,#3c824e
Juniper,#3d7245
Fairway,#477050
Vineyard Green,#5f7355
Dill,#6f7755
Greener Pastures,#37503d
Four Leaf Clover,#616652
Bronze Green,#525f48
Chive,#4a5335
Cypress,#545a3e
Black Forest,#414f3c
Rifle Green,#414832
Duffel Bag,#394034
Ambrosia,#d2e7ca
Spray,#bed3bb
Pastel Green,#b4d3b2
Hemlock,#97c1a1
Sprucestone,#9fc09c
Meadow,#8bba94
Jadesheen,#77a276
Green Ash,#a0daa9
Greengage,#8bc28c
Ming,#7cb08a
Zephyr Green,#7cb083
Peapod,#82b185
Light Grass Green,#7cb68e
Absinthe Green,#76b583
Neptune Green,#7fbb9e
Creme De Menthe,#70a38d
Winter Green,#4f9e81
Gumdrop Green,#2ea785
Holly Green,#0f9d76
Parakeet,#008c69
Golf Green,#008763
Spring Bud,#6bcd9c
Katydid,#66bc91
Jade Cream,#60b892
Ming Green,#3aa278
Greenbriar,#4b9b69
Leprechaun,#378661
Pine Green,#3a795e
Blarney,#00a776
Mint,#00a170
Deep Mint,#009e6d
Simply Green,#009b75
Pepper Green,#007d60
Bosphorus,#007558
Verdant Green,#12674a
Seacrest,#bfd1b3
Gleam,#bfd1ad
Nile Green,#a7c796
Quiet Green,#9ebc97
Fair Green,#92af88
Forest Shade,#91ac80
Jade Green,#759465
Patina Green,#b9eab3
Pistachio Green,#a9d39e
Arcadian Green,#a3c893
Grass Green,#7bb369
Bud Green,#79b465
Green Tea,#86a96f
Tendril,#89a06b
Paradise Green,#b2e79f
Lime Green,#9fc131
Jasmine Green,#7ec845
Green Flash,#79c753
Classic Green,#39a845
Online Lime,#44883c
Treetop,#476a30
Summer Green,#7ed37f
Spring Bouquet,#6dce87
Island Green,#2bae66
Irish Green,#45be76
Shamrock,#6fa26b
Peppermint,#699e6d
Mint Green,#487d49
Poison Green,#4db560
Vibrant Green,#55a860
Kelly Green,#339c5e
Bright Green,#009b5c
Fern Green,#008c45
Jelly Bean,#008658
Amazon,#1f7349
Green Glow,#b0c965
Bright Lime Green,#97bc62
Greenery,#88b04b
Foliage,#75a14f
Peridot,#819548
Meadow Green,#739957
Woodbine,#7b7f32
Jade Lime,#a1ca7b
Herbal Garden,#9cad60
Leaf Green,#9faf6c
Parrot Green,#8db051
Dark Citron,#a0ac4f
Macaw Green,#9bb53e
Kiwi,#7aab55
Sharp Green,#c6ec7a
Daiquiri Green,#c9d77e
Wild Lime,#c3d363
Linden Green,#c4bf71
Bright Chartreuse,#b5bf50
Tender Shoots,#b5cc39
Lime Punch,#c0d725
Sunny Lime,#dfef87
Limeade,#d3d95f
Sulphur Spring,#d5d717
Citronelle,#b8af23
Apple Green,#b5b644
Warm Olive,#c7b63c
Antique Moss,#b9a023
Lime Cream,#d7e8bc
Shadow Lime,#cfe09d
Lime Sherbet,#cdd78a
Lettuce Green,#bed38e
Sap Green,#afcb80
Opaline Green,#a3c57d
Winter Pear,#b0b487
Sylvan Green,#e7eacb
Glass Green,#ecead0
Green Essence,#e9eac8
Ethereal Green,#f1ecca
Garden Glade,#dcd8a8
Hay,#d3cca3
Pale Green,#cbce91
Young Wheat,#e1e3a9
Citron,#dfde9b
Luminary Green,#e3eaa5
Pale Lime Yellow,#dfe69f
Chardonnay,#e7df99
Lima Bean,#e1d590
Charlock,#e5e790
Mellow Green,#d5d593
Shadow Green,#cfc486
Celery Green,#c5cc7b
Green Banana,#babc72
Green Oasis,#b0b454
Leek Green,#b7b17a
Weeping Willow,#b3b17b
Palm,#afaf5e
Golden Olive,#af9841
Oasis,#a3a04e
Moss,#a09d59
Amber Green,#9a803a
Ecru Olive,#927b3c
Green Moss,#857946
Khaki,#a39264
Fennel Seed,#998456
Willow,#9a8b4f
Bronze Mist,#9c7e41
Dried Tobacco,#997b38
Tapenade,#805d24
Plantation,#7a6332
Fog Green,#c2cbb4
Tender Greens,#c5cfb6
Aloe Wash,#d0d3b7
Celadon Green,#b5c1a5
Laurel Green,#adbba1
Swamp,#a8b197
Reseda,#a1ad92
Meadow Mist,#d3dec4
Butterfly,#cadea5
White Jade,#d4dbb2
Seafoam Green,#cbd5b1
Reed,#c3d3a8
Seedling,#c0cba1
Foam Green,#b4c79c
Lily Green,#c5cf98
Beechnut,#c2c18d
Nile,#b4bb85
Sweet Pea,#a3a969
Spinach Green,#909b4c
Fern,#9aa067
Green Olive,#8d8b55
Epsom,#849161
Grasshopper,#77824a
Turtle Green,#81894e
Calliste Green,#757a4e
Calla Green,#6a6f34
Cedar Green,#5e6737
Pesto,#595f34
Tarragon,#a4ae77
Sage,#91946e
Iguana,#818455
Oil Green,#80856d
Loden Green,#6e7153
Capulet Olive,#656344
Olivine,#666b54
Lint,#b6ba99
Pale Olive Green,#b5ad88
Sage Green,#b2ac88
Gray Green,#a49a79
Sponge,#a49775
Mermaid,#817a65
Dusky Green,#746c57
Tea,#999b85
Silver Sage,#938b78
Slate Green,#a0987c
Elm,#a39f86
Mosstone,#858961
Aloe,#817a60
Olive Drab,#756d47
Cedar,#928e64
Boa,#8e855f
Dried Herb,#847a59
Olive Branch,#646a45
Lizard,#71643e
Avocado,#676232
Fir Green,#67592a
Bog,#bab696
Elmwood,#8c7c61
Gothic Olive,#7c6e4f
Butternut,#7a643f
Nutria,#75663e
Military Olive,#63563b
Dark Olive,#574d35
Moss Gray,#afab97
Abbey Stone,#aba798
Burnt Olive,#646049
Dusty Olive,#646356
Ivy Green,#585442
Olive Night,#535040
Grape Leaf,#545144
Porpoise,#a7a19e
Satellite,#9f8d89
Driftwood,#847a75
Falcon,#6d625b
Morel,#685c53
Fallen Rock,#807669
Vintage Khaki,#9a9186
Crockery,#a49887
Greige,#928475
Desert Taupe,#8d7e71
White Pepper,#b6a893
Humus,#b7a793
Portabella,#937b6a
Caribou,#816d5e
Travertine,#ae997d
Starfish,#b09a77
Semolina,#ceb899
Curds And Whey,#bca483
Tigers Eye,#977c61
Toasted Coconut,#8b6a4f
Rain Drum,#5f4c40
Pear Sorbet,#f3eac3
Pineapple Slice,#e7d391
Yarrow,#face6d
Anise Flower,#f4e3b5
Flan,#f6e3b4
Sundress,#ebcf89
Macadamia,#e4cfb6
Lemon Meringue,#f6e199
Yellow Iris,#eee78e
Goldfinch,#f8dc6c
Lemon Zest,#f9d857
Solar Power,#f4bf3a
Samoan Sun,#fbc85f
Desert Sun,#c87629
Pumpkin Spice,#a05c17
Orange Pepper,#df7500
Marmalade,#c16512
Hawaiian Sunset,#bb5c14
Autumnal,#a15325
Umber,#944a1f
Exuberance,#e86800
Puffins Bill,#e95c20
Caramel Cafe,#864c24
Gold Flame,#b45422
Cinnamon Stick,#9b4722
Potters Clay,#9e4624
Rooibos Tea,#a23c26
Celosia Orange,#e8703a
Orangeade,#e2552c
Pureed Pumpkin,#c34121
Tangerine Tango,#dd4124
Poinciana,#ca3422
Koi,#d15837
Samba,#a2242f
Barbados Cherry,#aa0a27
Haute Red,#a11729
Salsa,#aa182b
Scarlet Sage,#9d202f
Scooter,#941e32
Red Dahlia,#7d2027
Sun-Dried Tomato,#752329
Fired Brick,#6a2e2a
Rhubarb,#77202f
Syrah,#6a282c
Pomegranate,#6c2831
Cabernet,#64242e
Ballerina,#f2cfdc
Fairy Tale,#f2c1d1
Etherea,#a5958f
Foxglove,#b98391
Mesa Rose,#a66e7a
Jazzy,#b61c50
Granita,#a52350
Cherries Jubilee,#a22452
Cabaret,#cb3373
Vivacious,#a32857
Bellflower,#9469a2
English Lavendar,#9d7bb0
Rhapsody,#9f86aa
Acai,#46295a
Tillandsia Purple,#563474
Picasso Lily,#634878
Mystical,#5f4e72
Icelandic Blue,#a9adc2
Aleutian,#9a9eb3
Silver Bullet,#81839a
Blue Granite,#717388
Evening Blue,#2a293e
Deep Well,#2c2a33
Night Sky,#2a2a35
Blue Heron,#96a3c7
Hydrangea,#849bcc
Xenon Blue,#b7c0d7
Brunnera Blue,#9ba9ca
Sky Captain,#262934
Navy Blazer,#282d3c
Dark Sapphire,#262b37
Plein Air,#bfcad6
Halogen Blue,#bdc6dc
Chambray Blue,#9eb4d3
Bel Air Blue,#819ac1
Vintage Indigo,#4a556b
Sodalite Blue,#253668
Parisian Night,#323441
Monaco Blue,#274374
Vallarta Blue,#30658e
Salute,#282b34
Outer Space,#2f3441
Blueberry,#2c333e
Carbon,#272f38
Vulcan,#2d3036
Omphalodes,#b5cedf
Cool Blue,#a5c5d9
Bering Sea,#4b5b6e
Blue Wing Teal,#2c4053
Poseidon,#123955
Mykonos Blue,#005780
Reflecting Pond,#203e4a
Corydalis Blue,#a9cada
Blue Topaz,#78bdd4
Gulf Stream,#88c3d0
Aquarelle,#61aab1
Aqua Splash,#85ced1
Botanical Garden,#12403c
Scarab,#23312d
Nimbus Cloud,#d5d5d8
Micro Chip,#babcc0
Wet Weather,#929090
Titanium,#807d7f
December Sky,#767275
Pavement,#524d50
Magnet,#4d4b4f
Silver Sconce,#a19fa5
Silver Filigree,#7f7c81
Quicksilver,#7e7d88
Storm Front,#787376
Tornado,#5e5b60
Eiffel Tower,#5c5658
Graphite,#3b3b48
Alloy,#98979a
Sleet,#92949b
Tradewinds,#7f8793
Grisaille,#585e6f
Periscope,#46444c
Quiet Shade,#66676d
Turbulence,#4e545b
Stormy Weather,#58646d
Iron Gate,#4e5055
Forged Iron,#48464a
Asphalt,#434447
Ghost Gray,#9c9b98
Brushed Nickel,#73706f
Mourning Dove,#94908b
Belgian Block,#a3a9a6
Agave Green,#6b7169
Cilantro,#43544b
Pine Grove,#213631
Eden,#264e36
Jolly Green,#007844
Mountain View,#2e3d30
Margarita,#b5c38e
Winter Moss,#5b5a41
Climbing Ivy,#444940
Delicioso,#3f352f
Mulch,#433937
Mole,#392d2b
Chocolate Torte,#382e2d
Ganache,#34292a
Black Bean,#2e272a
Espresso,#363031
Meteorite,#2b2929
Tap Shoe,#2a2b2d
White Alyssum,#efebe7
Jet Stream,#ede6de
Sweet Cream,#f0ead6
Buttercream,#efe0cd
Lemon Icing,#f6ebc8
Sugar Swizzle,#f3eee7
Coconut Milk,#f0ede5
Yellow Pear,#ece99b
Sea Salt,#f1e6de
Brilliant White,#edf1fe
Cannoli Cream,#f0efe2
Tofu,#e8e3d9
Pistachio Shell,#d7cfbb
Celandine,#ebdf67
Lemon Verbena,#f3e779
Creme De Peche,#f5d6c6
Marys Rose,#f7d1d4
Morganite,#dfcdc6
Rose Water,#f8e0e7
Almond Milk,#d6cebe
Lime Popsicle,#c0db3a
Golden Kiwi,#f3dd3e
Meadowlark,#ead94e
Evening Primrose,#ccdb1e
Habanero Gold,#fed450
Minion Yellow,#fed55d
Soybean,#d2c29d
Jurassic Gold,#e7aa56
Brown Rice,#c7bba4
Peach Quartz,#f5b895
Peachy Keen,#e2bdb3
Brazilian Sand,#dacab7
Pink Salt,#f7cdc7
Rose Quartz,#f7cac9
Ballet Slipper,#ebced5
Cherry Blossom,#f7cee0
Antarctica,#c6c5c6
Oyster Mushroom,#c3c6c8
Tanager Turquoise,#91dce8
Limpet Shell,#98ddde
Iced Aqua,#abd3db
Acid Lime,#badf30
Spicy Mustard,#d8ae47
Kumquat,#fbaa4c
Irish Cream,#c0ac92
Orange Chiffon,#f9aa7d
Hazelnut,#cfb095
Sepia Rose,#d4bab6
Raindrops,#b1aab3
Zen Blue,#9fa9be
Quiet Gray,#b9babd
Airy Blue,#92b6d5
Harbor Mist,#afb1b4
Sea Angel,#98bfca
Baltic Sea,#79b5db
Antiqua Sand,#83c2cd
Island Paradise,#95dee3
Tibetan Stone,#82c2c7
Mango Mojito,#d69c2f
Ginger Root,#bfa58a
Iced Coffee,#b18f6a
Autumn Blaze,#d9922e
Golden Orange,#d7942d
Porcini,#cca580
Iceland Poppy,#f4963a
Papaya,#fea166
Carrot Curl,#fe8c18
Turmeric,#fe840e
Tangelo,#fe7e03
Fenugreek,#c0916c
Dusted Clay,#cc7357
Pastry Shell,#bd8c66
Blooming Dahlia,#eb9687
Crocus Petal,#b99bc5
Purple Rose,#b09fca
Lilac Breeze,#b3a0c9
Serenity,#91a8d0
Crystal Seas,#5dafce
Golden Lime,#9a9738
Split Pea,#9c9a40
Lentil Sprout,#aba44d
Pure Cashmere,#ada396
Sun Baked,#d27f63
Peach Caramel,#c5733d
Tomato Cream,#c57644
Orange Tiger,#f96714
Meerkat,#a46f44
Exotic Orange,#f96531
Dragon Fire,#fc642d
Coral Quartz,#f77464
Peach Echo,#f7786b
Purple Dove,#98878c
Sand Verbena,#9f90c1
Lilac Gray,#9896a4
Granada Sky,#5d81bb
Tree House,#988c75
Chai Tea,#b1832f
Roasted Pecan,#93592b
Roasted Cashew,#918579
Winter Twig,#948a7a
Petrified Oak,#8d7960
Argan Oil,#8b593e
Autumn Maple,#c46215
Sepia Tint,#897560
Spice Route,#b95b3f
Scarlet Ibis,#f45520
Summer Fig,#be4b3b
Moonscape,#725f69
Fruit Dove,#ce5b78
Pink Yarrow,#ce3175
Toadstool,#988088
Bodacious,#b76ba3
Diffused Orchid,#9879a2
Fairy Wren,#9479af
Sunlit Allium,#9787bb
Sharkskin,#838487
Pale Iris,#8895c5
Iolite,#707bb4
Gray Flannel,#848182
Riverside,#4c6a92
Quiet Harbor,#5a789a
Lichen Blue,#5d89b3
Pacific Coast,#5480ac
Ibiza Blue,#007cb7
Navagio Bay,#3183a0
Barrier Reef,#0084a1
Guacamole,#797b3a
Kale,#5a7247
Mayfly,#65663f
Twist Of Lime,#4e632c
Martini Olive,#716a4d
Emperador,#684832
Thai Curry,#ab6819
Honey Ginger,#a86217
Sugar Almond,#935529
Spiced Apple,#783937
Chili Oil,#8e3c36
Plum Truffle,#675657
Brandy Brown,#73362a
Valiant Poppy,#bc322c
Aura Orange,#b4262a
Toreador,#b61032
Lychee,#ba0b32
Goji Berry,#b91228
Arctic Dusk,#735b6a
Ephemera,#6f5965
Jalapeno Red,#b2103c
Love Potion,#c01352
Pink Peacock,#c62168
Grape Kiss,#7b4368
Willowherb,#8e4483
Charisma,#632a60
Plum Jam,#624076
Lavender Crystal,#936a98
Purple Sapphire,#6f4685
Chive Blossom,#7d5d99
Purple Corallite,#5a4e8f
Volcanic Glass,#615c60
Gray Blue,#4d587a
Blue Horizon,#4e6482
Iris Bloom,#5b609e
Nebulas Blue,#2d62a3
Indigo Bunting,#006ca9
Fjord Blue,#007290
Hawaiian Surf,#0078a7
Tahitian Tide,#006b7e
Quetzal Green,#006865
Granite Gray,#615e5f
Lush Meadow,#006e51
Gray Pinstripe,#49494d
Sea Turtle,#5e5749
Deep Depths,#46483c
Kalamata,#5f5b4c
Crocodile,#5d5348
Chocolate Plum,#3c2d2e
Chocolate Lab,#5c3e35
Shaved Chocolate,#543b35
Fondue Fudge,#5d4236
Tiramisu,#634235
Rocky Road,#5a3e36
Chicory Coffee,#4a342e
Smoked Paprika,#6e362c
Chocolate Fondant,#56352d
Cherry Mahogany,#66352b
Merlot,#72262c
Red Pear,#7b3539
Pickled Beet,#4d233d
Plum Caspia,#61224a
Winter Bloom,#47243b
Spiced Plum,#6d4773
Violet Indigo,#3e285c
Maritime Blue,#27293d
Obsidian,#3a363b
Black Beauty,#26262a
Blackened Pearl,#4d4b50
Odyssey Gray,#434452
Black Onyx,#2b272b
Navy Peony,#223a5e
Sargasso Sea,#35435a
Sailor Blue,#0e3a53
Gibraltar Sea,#123850
Lapis Blue,#004b8d
Baleine Blue,#155187
Galaxy Blue,#2a4b7c
Blue Opal,#0f3b57
Moonlit Ocean,#293b4d
Deep Dive,#29495c
Crystal Teal,#00637c
Deep Lagoon,#005265
Sea Moss,#254445
Forest Biome,#184a45
Rain Forest,#15463e
